Product,Price,Ounces,Source,Price per ounce,Categories
"Fresh Personal Seedless Watermelon, Each",4.18,280,Walmart,0.014928571,75
"Fresh Seedless Watermelon, Each",7.88,280,Walmart,0.028142857,75
"Great Value All Purpose Flour, 10 lb Bag",4.57,160,Walmart,0.0285625,26
"Great Value Iodized Salt, 26 oz",0.76,26,Walmart,0.029230769,61
"Great Value Plain Salt, 26 oz",0.76,26,Walmart,0.029230769,61
"Great Value All-Purpose Enriched Flour, 5 lb Bag",2.38,80,Walmart,0.02975,26
"Great Value All-Purpose Unbleached Flour, 5 lb Bag",2.43,80,Walmart,0.030375,26
"Fresh Whole Russet Bag, 5 lb bag",2.47,80,Walmart,0.030875,60
"Great Value Distilled White Vinegar, 128 fl oz",3.97,128,Walmart,0.031015625,74
"Great Value Long Grain Enriched Rice, 20 lbs",11.14,320,Walmart,0.0348125,59
"Great Value All-Purpose Vinegar Cleaning Solution, 64 fl oz",2.48,64,Walmart,0.03875,74
"Coca-Cola Cherry Soda Pop, 2 Liter Bottle",2.74,67.6,Walmart,0.040532544,16
"Fresh Pineapple, Each",2.28,56,Walmart,0.040714286,54
Great Value All Purpose Enriched Flour 2LB Bag,1.32,32,Walmart,0.04125,26
"Great Value Long Grain Enriched Rice, 5 lbs",3.34,80,Walmart,0.04175,59
Fresh Idaho Russet Potatoes 4 lb Bag,2.74,64,Walmart,0.0428125,60
"Russet Potatoes, 10 lb Bag, Whole",7.34,160,Walmart,0.045875,60
"Great Value Distilled White Vinegar, 64 fl oz",2.97,64,Walmart,0.04640625,74
"(2 pack) Great Value Vegetable Broth, 32 oz Carton, Shelf-Stable/Ambient, Gluten-Free",3,64,Walmart,0.046875,73
"Great Value Vegetable Broth, 32 oz Carton, Shelf-Stable/Ambient, Gluten-Free",1.5,32,Walmart,0.046875,73
"Gold Medal All Purpose Flour, Baking Flour, 5 lb Bag",3.97,80,Walmart,0.049625,26
"Great Value Baking Soda, 4 lb",3.24,64,Walmart,0.050625,3
"Great Value Tomato Sauce, 29 oz",1.48,29,Walmart,0.051034483,71
"Coca-Cola Cherry Soda Pop, 16.9 fl oz, 6 Pack Bottles",5.28,101.4,Walmart,0.052071006,16
"ARM & HAMMER Pure Baking Soda & All Purpose Cleaner for Baking & Deodorizing, 4 lb Box",3.34,64,Walmart,0.0521875,3
"Great Value Diced Tomatoes in Tomato Juice, 28 oz",1.48,28,Walmart,0.052857143,11
"Great Value Pure Granulated Sugar, 10 lb",8.46,160,Walmart,0.052875,68
"Fresh Whole Russet Potatoes , 5 lb Bag",4.24,80,Walmart,0.053,60
"Quaker, Quick 5-Minute Grits, 80 oz Box",4.28,80,Walmart,0.0535,35
"Great Value Pure Granulated Sugar, 4 lb",3.46,64,Walmart,0.0540625,68
"Coca-Cola Cherry Soda Pop, 12 fl oz, 12 Pack Cans",7.88,144,Walmart,0.054722222,16
"Coca-Cola Zero Sugar Cherry Soda Pop, 12 fl oz, 12 Pack Cans",7.88,144,Walmart,0.054722222,16
"Great Value Distilled White Vinegar, 32 fl oz",1.76,32,Walmart,0.055,74
"Great Value Long Grain Enriched Rice, 32 oz",1.77,32,Walmart,0.0553125,59
"Great Value Dark Red Kidney Beans, 15.5 oz",0.86,15.5,Walmart,0.055483871,12
"Great Value Dark Red Kidney Beans, No Salt Added, 15.5 oz",0.86,15.5,Walmart,0.055483871,12
"Great Value Great Northern Beans, 15.5 oz",0.86,15.5,Walmart,0.055483871,13
"Great Value Baking Soda, 1 lb",0.92,16,Walmart,0.0575,3
"Great Value Long Grain Enriched Rice, 16 oz",0.92,16,Walmart,0.0575,59
"Jumbo Russet Potatoes Whole Fresh, 8 lb Bag",7.42,128,Walmart,0.05796875,60
"Great Value Tomato Sauce, 8 oz Can",0.48,8,Walmart,0.06,71
"Fresh Yellow Onions, 3 lb Bag",2.94,48,Walmart,0.06125,49
"Great Value Organic Vegetable Broth, 32 oz Carton, Shelf-Stable/Ambient, Gluten-Free",1.98,32,Walmart,0.061875,73
"Progresso Vegetable Broth, Vegetarian, Gluten Free, 32 oz.",1.98,32,Walmart,0.061875,73
"Swanson Vegetable Broth, 32 oz Carton",1.98,32,Walmart,0.061875,73
"Silk Dairy Free, Gluten Free, Original Soy Milk, 64 fl oz Half Gallon",3.97,64,Walmart,0.06203125,43
"Silk Dairy Free, Gluten Free, Unsweet Organic Soy Milk, 64 fl oz Half Gallon",3.97,64,Walmart,0.06203125,43
"Great Value Tomato Sauce, 15 oz",0.96,15,Walmart,0.064,71
"(12 pack) Morton Salt, Iodized, 26 oz Round Can",20.04,312,Walmart,0.064230769,61
"Morton Salt, Iodized, 26 oz Round Can",1.67,26,Walmart,0.064230769,61
"Morton Salt, Plain, 26 oz Round Can",1.67,26,Walmart,0.064230769,61
"King Arthur Baking Company Non-GMO Project Verified, Certified Kosher Unbleached All Purpose Flour, 5 lb Bag",5.24,80,Walmart,0.0655,26
"Great Value Diced Tomatoes in Tomato Juice, 14.5 oz Can",0.96,14.5,Walmart,0.066206897,11
"Great Value Italian-Style Petite Diced Tomatoes with Basil, Garlic and Oregano, 14.5 oz",0.96,14.5,Walmart,0.066206897,11
"Great Value Petite Diced Tomatoes in Tomato Juice, 14.5 oz",0.96,14.5,Walmart,0.066206897,11
"(2 pack) Hanover Redskin Kidney Beans Dark Red, 40.5 oz Can  Family-Size Seasoned Beans for Chili, Rice, and Sides",5.44,80.5,Walmart,0.06757764,12
"(3 pack) Great Value Confectioners Powdered Sugar, 32 oz",6.66,96,Walmart,0.069375,56
"(4 pack) Great Value Light Brown Sugar, 32 oz",8.88,128,Walmart,0.069375,8
"Great Value Confectioners Powdered Sugar, 32 oz",2.22,32,Walmart,0.069375,56
"Great Value Light Brown Sugar, 32 oz",2.22,32,Walmart,0.069375,8
"Domino Premium Pure Cane Granulated Sugar, 4 lb",4.46,64,Walmart,0.0696875,68
"Great Value Great Northern Beans, 32 oz",2.26,32,Walmart,0.070625,13
"(3 pack) Great Value Great Northern Beans, 32 oz",6.78,96,Walmart,0.070625,13
"ARM & HAMMER Pure Baking Soda, For Baking, Cleaning & Deodorizing, 3 lb Resealable Bag",3.42,48,Walmart,0.07125,3
"Fresh White Onions, 3 lb Bag",3.44,48,Walmart,0.071666667,47
"Great Value Apple Cider Vinegar, 32 fl oz",2.36,32,Walmart,0.07375,74
Luck's Great Northern Beans Seasoned with Pork 15 oz Can,1.13,15,Walmart,0.075333333,13
"Great Value Marinara Pasta Sauce, 23 oz",1.74,23,Walmart,0.075652174,42
"Fresh Red Onions, 3 lb, Bag",3.64,48,Walmart,0.075833333,48
"(2 pack) Mott's Cinnamon Applesauce, 48 Ounce, Jar",7.36,96,Walmart,0.076666667,0
"Fresh Roma Tomato, Each",0.23,3,Walmart,0.076666667,70
"Mott's Cinnamon Applesauce, 48 Ounce, Jar",3.68,48,Walmart,0.076666667,0
"Great Value Organic Dark Red Kidney Beans, 15 oz",1.16,15,Walmart,0.077333333,12
"Great Value Frozen Whole Kernel Corn, 32 oz Steamable Bag",2.48,32,Walmart,0.0775,29
"Imperial Vegetable Oil Spread, 1 lb Box 4 Sticks (Refrigerated)",1.24,16,Walmart,0.0775,9
"Imperial Vegetable Oil Spread, 16 oz Box, 4 Sticks (Refrigerated)",1.24,16,Walmart,0.0775,9
"Mahatma Gluten-Free Enriched Extra Long Grain White Rice, 2 lb Bag",2.48,32,Walmart,0.0775,59
"Great Value Canola Oil, 1 gal",9.98,128,Walmart,0.07796875,45
"Fresh Banana, Each",0.2,2.5,Walmart,0.08,4
"Fresh Sweet Onions, 3 lb, Bag",3.88,48,Walmart,0.080833333,47
"Great Value Canned Pineapple Tidbits, 20 oz",1.62,20,Walmart,0.081,54
"Great Value Fire Roasted Diced Tomatoes, 14.5 oz",1.18,14.5,Walmart,0.08137931,11
"Great Value Frozen Whole Kernel Corn, 12 oz Steamable Bag",0.98,12,Walmart,0.081666667,29
"Tropicana Pure Premium Original No Pulp 100% Orange Juice, 128 Fl Oz Jug",10.46,128,Walmart,0.08171875,51
"Organic Fresh Whole Carrots, 2 lb Bag",2.62,32,Walmart,0.081875,14
"(Pack of 6) Silk Organic Shelf-Stable Unsweetened Soy Milk, 1 Quart",15.79,192,Walmart,0.082239583,43
"(Pack of 6) Silk Shelf-Stable Vanilla Soy Milk, 1 Quart",15.79,192,Walmart,0.082239583,43
"Fresh Whole Carrots, 1 lb Bag",1.32,16,Walmart,0.0825,14
"Fresh Gala Apples, 3 lb Bag",3.97,48,Walmart,0.082708333,30
"Heinz All Natural Distilled White Vinegar 5% Acidity, 32 fl oz Bottle",2.66,32,Walmart,0.083125,74
"Fresh Baby-Cut Carrots, 2 lb Bag",2.72,32,Walmart,0.085,14
Fresh Sweet Corn on the Cob (1 each),0.68,8,Walmart,0.085,22
"Fresh Produce, Baby Peeled Carrots, 1lb Bag",1.37,16,Walmart,0.085625,14
"Fresh Navel Oranges, 8 lb Bag",10.97,128,Walmart,0.085703125,52
"Great Value Canola Oil, 48 fl oz",4.12,48,Walmart,0.085833333,45
"Bush's Dark Red Kidney Beans, Canned Beans, 16 oz",1.38,16,Walmart,0.08625,12
Domino Premium Pure Cane Light Brown Sugar 4# Zipper-Pak,5.54,64,Walmart,0.0865625,8
"Bush's Great Northern Beans, Canned Beans, 15.8 oz",1.38,15.8,Walmart,0.087341772,13
"Coca-Cola Cherry Mini Soda Pop Soft Drink, 7.5 fl oz, 10 Pack Cans",6.58,75,Walmart,0.087733333,16
"Imperial Vegetable Oil Spread, 45 oz Tub (Refrigerated)",3.97,45,Walmart,0.088222222,9
"Great Value Sweet Corn on the Cob, 6 Count (Frozen)",2.12,24,Walmart,0.088333333,22
Tropicana Homestyle Some Pulp Pure Premium 100% Orange Juice 89 Fl Oz,7.96,89,Walmart,0.089438202,51
"Tropicana Pure Premium 100% Orange Juice, No Pulp with Calcium and Vitamin D, 89 Fl Oz Bottle",7.96,89,Walmart,0.089438202,51
Tropicana Pure Premium No Pulp Original Orange Juice 89 Oz,7.96,89,Walmart,0.089438202,51
"Great Value Frozen Broccoli Florets, 32 oz Bag",2.88,32,Walmart,0.09,7
"Hunts Tomato Sauce, Perfect for Chili & Soups, 15 oz. Can",1.36,15,Walmart,0.090666667,71
"ARM & HAMMER Pure Baking Soda, For Baking, Cleaning & Deodorizing, 1 lb Box",1.47,16,Walmart,0.091875,3
"Fresh Romaine Lettuce Hearts 3 Count, Each",3.86,42,Walmart,0.091904762,41
"GOYA Spanish Style Tomato Sauce, 8 oz Can",0.74,8,Walmart,0.0925,71
"Birds Eye McKenzie's White Creamed Corn, Silver Queen Style Corn, Frozen, 20 oz",1.87,20,Walmart,0.0935,29
"Hunts Petite Diced Tomatoes, Perfect for Chili & Soups, 14.5 oz. Can",1.36,14.5,Walmart,0.093793103,11
"Tropicana Light Orange Juice Beverage, No Pulp, 46 fl oz Bottle",4.34,46,Walmart,0.094347826,51
"Tropicana Pure Premium 100% Orange Juice Original, No Pulp,No Sugar Added, 46 fl oz",4.34,46,Walmart,0.094347826,51
"Birds Eye Extra Sweet Mini Corn On The Cob, Frozen Vegetables, 12-Count",4.54,48,Walmart,0.094583333,22
"Hunts Tomato Sauce, Perfect for Chili & Soups, 8 oz. Can",0.76,8,Walmart,0.095,71
"Great Value Frozen Broccoli Florets Steamable Bag, 12 oz, Organic and Fresh",1.16,12,Walmart,0.096666667,7
"Great Value Organic Granulated Cane Sugar, 2 lb",3.14,32,Walmart,0.098125,68
"Pacific Foods Low Sodium Organic Vegetable Broth, 32 oz Carton",3.18,32,Walmart,0.099375,73
"Fresh Mandarin Oranges, 5 lb Bag",7.97,80,Walmart,0.099625,52
"Marketside Fresh Organic Russet Potatoes, 3 lb Bag",4.84,48,Walmart,0.100833333,60
"BEN'S ORIGINAL Enriched Long Grain White Rice, Parboiled Rice, 5 LB Bag",8.16,80,Walmart,0.102,59
"Green Giant Extra Sweet Corn on The Cob, 12 Count Bag (Frozen Vegetables)",4.93,48,Walmart,0.102708333,22
"Mott's Cinnamon Applesauce, 4 Ounce Cup, 6 Count",2.47,24,Walmart,0.102916667,0
"Fresh Mandarin Oranges, 3 lb Bag",4.97,48,Walmart,0.103541667,52
"Fresh Organic Gala Apples, 3 lb Bag",4.97,48,Walmart,0.103541667,30
"Marketside Organic Yellow Onions Whole Fresh, 3 lb Bag",4.98,48,Walmart,0.10375,49
"Great Value Chopped Spinach, 12 oz (Frozen)",1.26,12,Walmart,0.105,64
"Mott's Cinnamon Applesauce, 4 Ounce Cups, 18 Count",7.58,72,Walmart,0.105277778,0
"Goya Dark Kidney Beans, 15 oz Can",1.58,15,Walmart,0.105333333,12
"Great Value Sugar Cannister, 20 oz",2.12,20,Walmart,0.106,68
"Russet Baking Potatoes Whole Fresh, Each",0.75,7,Walmart,0.107142857,60
"Domino Premium Pure Cane Granulated Sugar, 1 lb Box",1.72,16,Walmart,0.1075,68
"Marketside Organic Fresh Romaine Lettuce Hearts, 3 Pack",4.52,42,Walmart,0.107619048,41
"Prego Marinara Sauce, 23 oz Jar",2.48,23,Walmart,0.107826087,42
"Fresh Sweet Corn on the Cob, 4 Count Tray",3.47,32,Walmart,0.1084375,22
"ARM & HAMMER Pure Baking Soda, For Baking, Cleaning & Deodorizing, 8 oz Box",0.87,8,Walmart,0.10875,3
"Organic Marketside Fresh Baby Peeled Carrots, 1 lb Bag",1.74,16,Walmart,0.10875,14
"Fresh Navel Oranges, 4 lb Bag",6.97,64,Walmart,0.10890625,52
"Fresh Granny Smith Apples, 3 lb Bag",5.28,48,Walmart,0.11,32
"Crisco Butter Flavor All-Vegetable Shortening Sticks, 20 oz, 3 One Cup Sticks",6.64,60,Walmart,0.110666667,62
"Domino Confectioners Sugar, Pure Cane 10-x Powdered, 2lb (907g), Plastic Bag",3.57,32,Walmart,0.1115625,56
"(6 pack) Domino Confectioners Sugar, Pure Cane 10-x Powdered, 2lb (907g), Plastic Bag",21.42,192,Walmart,0.1115625,56
"Fresh Produce, Whole Zucchini, 1 Each",1.02,9,Walmart,0.113333333,79
"Crisco Pure Canola Oil, 40 fl oz",4.57,40,Walmart,0.11425,45
Domino Premium Pure Cane Dark Brown Sugar 2lb. Zipper-pak,3.67,32,Walmart,0.1146875,8
Domino Premium Pure Cane Light Brown Sugar 2 lb. Zipper-Pak,3.67,32,Walmart,0.1146875,8
"Fresh Whole Yellow Onion, Each",0.7,6,Walmart,0.116666667,49
"Great Value Great Northern Beans, 1 lb",1.87,16,Walmart,0.116875,13
"Birds Eye McKenzie's Yellow Cream Corn, Frozen, 20 oz",2.34,20,Walmart,0.117,29
"Green Giant Nibblers Extra Sweet Corn on The Cob, 6 Count Bag (Frozen Vegetables)",2.82,24,Walmart,0.1175,22
"Coca-Cola Cherry Soda Pop, 20 fl oz Bottle",2.38,20,Walmart,0.119,16
"(2 pack) Bertolli Traditional Marinara Pasta Sauce, 24oz",5.76,48,Walmart,0.12,42
"(8 pack) Great Value Corn Starch, 16 oz",15.36,128,Walmart,0.12,23
"Bertolli Traditional Marinara Pasta Sauce, 24oz",2.88,24,Walmart,0.12,42
"Great Value Corn Starch, 16 oz",1.92,16,Walmart,0.12,23
"Quaker Old Fashioned Grits, 24 oz Canister",2.88,24,Walmart,0.12,35
"Wesson Pure & Cholesterol Free Canola Oil, 24 fl oz",2.88,24,Walmart,0.12,45
"Quaker Old Fashioned Instant Whole Grain Oatmeal, 42 oz Canister Dry Oats",5.12,42,Walmart,0.121904762,44
"Quaker, Quick 1 Minute Oats, Oatmeal, Quick Cook Oatmeal, 42 oz Canister Dry Oats",5.12,42,Walmart,0.121904762,44
"Fresh Green Seedless Grapes, Bag (2.25 lbs/Bag Est.)",4.43,36,Walmart,0.123055556,34
Fieldpack Unbranded Granny Smith Apples Bulk,0.8,6.5,Walmart,0.123076923,32
"Great Value Shortening, 42 oz Can",5.18,42,Walmart,0.123333333,62
Newman's Own Marinara Pasta Sauce 24 oz,2.96,24,Walmart,0.123333333,42
"Dole Pineapple Chunks in 100% Pineapple Juice, 20 oz Can",2.47,20,Walmart,0.1235,54
"Dole Pineapple Slices in 100% Pineapple Juice, 20 oz Can",2.47,20,Walmart,0.1235,54
"Fresh Broccoli Crowns, Each",1.83,14.8,Walmart,0.123648649,7
"Great Value Chopped Spinach, 10 oz (Frozen)",1.24,10,Walmart,0.124,64
"Fresh Organic Oranges, 3 lb Bag",5.97,48,Walmart,0.124375,52
"Maizena Unflavored Corn Starch Powder, 14.1 oz Regular Box",1.78,14.1,Walmart,0.126241135,23
"Birds Eye Steamfresh Super Sweet Corn, Frozen Vegetables, 10 oz. Bag",1.27,10,Walmart,0.127,29
"Fresh Celery Stalk, Each",1.27,10,Walmart,0.127,15
"Fresh Tomato on the Vine, Bag (1.9 lbs/Bag Est.)",3.88,30.4,Walmart,0.127631579,70
"Great Value All Vegetable Shortening, 48 oz Can",6.18,48,Walmart,0.12875,62
"BEN'S ORIGINAL Converted Brand Enriched Long Grain White Rice, Parboiled Rice, 2 lb Box",4.14,32,Walmart,0.129375,59
"Imperial Vegetable Oil Spread, 15 oz Tub (Refrigerated)",1.98,15,Walmart,0.132,9
"Quaker Original Quick 5-Minute Grits, Shelf-Stable, 24 Oz Canister",3.17,24,Walmart,0.132083333,35
"Fresh Plantain, 1 Count",0.68,5,Walmart,0.136,4
"Green Bell Pepper, 1 each",0.82,6,Walmart,0.136666667,33
"Fresh Gala Apple, Each",0.86,6,Walmart,0.143333333,30
"Fresh Organic Granny Smith Apples, 3 lb Pouch",6.97,48,Walmart,0.145208333,32
"Great Value Whole Strawberries, 64 oz (Frozen)",9.42,64,Walmart,0.1471875,28
"(3 pack) Welch's Natural Strawberry Spread, 27 oz Jar",11.94,81,Walmart,0.147407407,67
"Welch's Natural Strawberry Spread, 27 oz Jar",3.98,27,Walmart,0.147407407,67
"Fresh Celery Sticks, 20 oz Bag",2.96,20,Walmart,0.148,15
"(3 pack) Argo Gluten-Free Corn Starch Thickening Powder,16 oz",7.32,48,Walmart,0.1525,23
"Argo Gluten-Free Corn Starch Thickening Powder,16 oz",2.44,16,Walmart,0.1525,23
"Great Value Sliced Strawberries, 64 oz (Frozen)",9.82,64,Walmart,0.1534375,28
"Great Value Sliced Bananas, 16 oz, Bag",2.47,16,Walmart,0.154375,4
"Great Value Frozen Chopped Green Peppers, 10 oz, Convenient and Ready to Use",1.56,10,Walmart,0.156,33
"Great Value Frozen Chopped Onions, 10 oz",1.56,10,Walmart,0.156,47
"(Pack of 6) Silk Shelf-Stable Original Soy Milk, 1 Quart",30,192,Walmart,0.15625,43
"Fresh Whole Sweet Onion, Each",1.29,8,Walmart,0.16125,47
"Great Value Blueberries, 48 oz (Frozen)",7.82,48,Walmart,0.162916667,6
"Fresh Organic Zucchini Squash, 2 Count",2.96,18,Walmart,0.164444444,79
"Fresh Whole Red Onion, Each",0.99,6,Walmart,0.165,48
"Morton Fine Sea Salt  Fast Dissolving for Marinades, Soups and Dressings, 17.6 oz Canister",2.97,17.6,Walmart,0.16875,61
"Tyson Trimmed & Ready All Natural, Fresh, Thin Sliced Boneless Skinless Chicken Breasts, 1.0 - 2.0 lb Tray",5.43,32,Walmart,0.1696875,17
"Tyson All Natural, Fresh, Boneless, Skinless Chicken Breasts, 2.5 - 4.0 lb Tray",10.88,64,Walmart,0.17,17
"Marketside Fresh Organic Bananas, Bunch",1.71,10,Walmart,0.171,4
"Fresh Whole White Onions, Each",1.03,6,Walmart,0.171666667,47
"(2 pack) Welch's Strawberry Spread, 20 oz Squeeze Bottle",6.94,40,Walmart,0.1735,67
"Welch's Strawberry Spread, 20 oz Squeeze Bottle",3.47,20,Walmart,0.1735,67
"Fresh Navel Orange, Each",0.97,5.5,Walmart,0.176363636,52
"Great Value Roasted Red Bell Pepper Slices, 12 oz",2.13,12,Walmart,0.1775,58
"Great Value Whole Strawberries, 16 oz (Frozen)",2.86,16,Walmart,0.17875,28
"Mott's Cinnamon Applesauce, 3.2 oz, 20 Count Clear Pouches",11.52,64,Walmart,0.18,0
"Quaker Oats Old Fashioned 100% Whole Grain Oatmeal, 18 oz Canister",3.26,18,Walmart,0.181111111,44
"Birds Eye Steamfresh Broccoli Florets, Frozen Vegetables, 10.8 oz. Bag",1.97,10.8,Walmart,0.182407407,7
"Marketside Fresh Spinach, 10 oz Bag (Fresh)",1.84,10,Walmart,0.184,64
"Crisco Pure Canola Oil, 16 fl oz",2.97,16,Walmart,0.185625,45
"Marketside Fresh Broccoli Florets, 32 oz",5.98,32,Walmart,0.186875,7
"Fresh Shredded Carrots, 10 oz Bag",1.87,10,Walmart,0.187,14
"Great Value Zucchini Blend, 10 oz (Frozen)",1.92,10,Walmart,0.192,79
"Welch's Natural Strawberry Spread, 17 oz Jar",3.27,17,Walmart,0.192352941,67
"Fresh Organic Green Grapes, Estimate 2.25 lbs, Bag",6.97,36,Walmart,0.193611111,34
"Fresh Romaine Lettuce, Each",2.72,14,Walmart,0.194285714,41
"Great Value Blueberries, 16 oz (Frozen)",3.12,16,Walmart,0.195,6
"Welch's Natural Strawberry Spread, 18 oz Squeeze Bottle",3.57,18,Walmart,0.198333333,67
Fresh Whole White Boiler Onions 16oz bag,3.18,16,Walmart,0.19875,47
"Tyson All Natural, Fresh, Boneless, Skinless Chicken Breasts, 1.75 - 3.0 lb Tray",9.74,48,Walmart,0.202916667,17
"Marketside Broccoli Florets, 12 oz",2.47,12,Walmart,0.205833333,7
"Great Value All Natural Boneless Skinless Chicken Breasts, 3 lb (Frozen)",9.94,48,Walmart,0.207083333,17
"Fresh Celery Hearts, Each",2.82,13.5,Walmart,0.208888889,15
"Organic Fresh Celery Sticks, 20 oz Bag",4.26,20,Walmart,0.213,15
"Dunbars Diced Green Sweet Bell Pepper, 102 Ounce, 6 Per Case",133.81,612,Walmart,0.218643791,33
"Domino Confectioners Sugar, Pure Cane, 10x Powdered, Allergen-Free, 4 lb (1.81 kg), Plastic Bag",14,64,Walmart,0.21875,56
"Freshness Guaranteed Thin-Sliced Boneless Skinless Chicken Breasts, 1.4 - 2.8 lb Tray",9.84,44.8,Walmart,0.219642857,17
"Marketside Fresh Cut Watermelon Chunks, 42 oz Tray",9.24,42,Walmart,0.22,75
"Quaker Quick 1-Minute Oats, Gluten Free, 18 oz Canister",3.98,18,Walmart,0.221111111,44
"Imperial Sugar Dark Brown Sugar, 32 Oz",7.08,32,Walmart,0.22125,8
"Molina Mexican Vanilla Blend, 8.3 FL OZ",1.84,8.3,Walmart,0.221686747,72
"Quaker, Rolled Overnight Oats, Oatmeal, 19 oz",4.22,19,Walmart,0.222105263,44
"Clabber Girl, Gluten-Free, Double Acting Baking Powder, 22 oz",4.97,22,Walmart,0.225909091,2
"Great Value Sliced Strawberries with Sugar, 23.2 oz (Frozen)",5.44,23.2,Walmart,0.234482759,28
"Fresh Orange Bell Pepper, Each",1.48,6.3,Walmart,0.234920635,50
"Fresh Red Bell Pepper, 1 Each",1.48,6.3,Walmart,0.234920635,58
"Fresh Yellow Bell Pepper, Each",1.48,6.3,Walmart,0.234920635,77
"Great Value Buttery Smooth Club Crackers, 13.7 oz",3.22,13.7,Walmart,0.235036496,20
"Great Value Chunk Chicken in Water, 12.5 oz",2.97,12.5,Walmart,0.2376,10
"Baker's Kosher Imitation Vanilla Flavor, 8.0 fl oz Bottle",1.92,8,Walmart,0.24,72
"Great Value Double Acting Baking Powder, 8.1 oz",1.98,8.1,Walmart,0.244444444,2
"OREO Chocolate Sandwich Cookies, Party Size, 24.16 oz",5.98,24.16,Walmart,0.247516556,53
"(2 pack) Great Value Chunk Chicken Breast with Rib Meat in Water, 5 oz Can",2.48,10,Walmart,0.248,10
"Great Value Chunk Chicken Breast with Rib Meat in Water, 5 oz Can",1.24,5,Walmart,0.248,10
"Mezzetta Roasted Red Bell Pepper Strips, 16 fl oz Jar",3.97,16,Walmart,0.248125,58
"Pork Center Cut Loin Chops, Bone-In, 1.63 - 2.49 lb",9.91,39.84,Walmart,0.24874498,55
"Silk Shelf-Stable Very Vanilla Soy Milk Singles, 8 Oz., 12 Count",24,96,Walmart,0.25,43
"Great Value Chocolate Instant Pudding and Pie Filling, 3.9 oz",0.98,3.9,Walmart,0.251282051,38
"Great Value Sliced Strawberries with Sugar, 15.5 oz (Frozen)",3.96,15.5,Walmart,0.255483871,28
"Marketside Fresh Cut Watermelon, 32 oz Tray",8.37,32,Walmart,0.2615625,75
"Fresh Cherubs Grape Tomatoes, 10 oz Package",2.62,10,Walmart,0.262,70
"Tide PODS Liquid Laundry Detergent Packs, Spring Meadow Scent, 76 Count",19.94,76,Walmart,0.262368421,69
"Tide PODS Liquid Laundry Detergent Pacs, Original Scent, 76 Count",19.94,76,Walmart,0.262368421,69
"Great Value Organic Whole Strawberries, 10 oz (Frozen)",2.64,10,Walmart,0.264,28
"OREO Double Stuf Chocolate Sandwich Cookies, Family Size, 18.71 oz",4.97,18.71,Walmart,0.265633351,53
"(3 pack) OREO Double Stuf Chocolate Sandwich Cookies, Family Size, 18.71 oz",14.91,56.13,Walmart,0.265633351,53
"Great Value Minced Garlic in Water, 8 Ounce Jar",2.16,8,Walmart,0.27,31
"Fresh Blueberries, 1 Pint Container",4.36,16,Walmart,0.2725,6
"OREO Chocolate Sandwich Cookies, Family Size, Holiday Cookies, 18.12 oz",4.97,18.12,Walmart,0.274282561,53
"(3 pack) OREO Chocolate Sandwich Cookies, Family Size, Holiday Cookies, 18.12 oz",14.91,54.36,Walmart,0.274282561,53
"Fresh Grape Tomato, 10 oz Package",2.77,10,Walmart,0.277,70
"Quaker, Instant Grits Variety Pack, 0.98 oz, 22 Packets",6.12,21.56,Walmart,0.283858998,35
Fresh Organic Blueberries Dry Pint Container,4.56,16,Walmart,0.285,6
"Mother Earth Products Dehydrated Zucchini, 1 Full Quart Mylar Bag",9.16,32,Walmart,0.28625,79
"Simplot Classic Crinkle Cut Sliced Zucchini, 32 Ounce - 12 per case.",109.98,384,Walmart,0.28640625,79
"Fresh Strawberries, 2 lb, Container",9.22,32,Walmart,0.288125,66
"Great Value Vanilla Instant Pudding and Pie Filling, 3.4 oz carton",0.98,3.4,Walmart,0.288235294,38
"Rao's Homemade Marinara Sauce, Low Carb, All-Natural Spaghetti Sauce, 24 Oz",6.98,24,Walmart,0.290833333,42
"Club Snack Stacks Original Crackers, Lunch Snacks, 9 Count",5.47,18.8,Walmart,0.290957447,20
"Fresh Strawberries, 1 lb",4.66,16,Walmart,0.29125,66
"Dole Individually Quick Frozen Sliced Banana, 30 Pound -- 1 Each",141.35,480,Walmart,0.294479167,4
"Imperial Regular 65 Percent Vegetable Oil Spread, 16 Ounce - 24 per case.",113.34,384,Walmart,0.29515625,9
"Club Original Crackers, Lunch Snacks, 13.7 oz",4.07,13.7,Walmart,0.297080292,20
"OREO Chocolate Sandwich Cookies, 13.29 oz",3.96,13.29,Walmart,0.297968397,53
"Pork Center Cut Loin Chops Thin Boneless, 1.0 - 2.5 lb, Tray",8.36,28,Walmart,0.298571429,55
"Clabber Girl, Gluten-Free, Double Acting Baking Powder, 8.1 oz",2.47,8.1,Walmart,0.304938272,2
"Royal Baking Powder Double Acting, 8.1 oz",2.48,8.1,Walmart,0.30617284,2
"Fresh Garlic Sleeve, 3 Count",1.84,6,Walmart,0.306666667,31
"Marketside Fresh Celery Sticks, 1.6 oz, 4 Pack",1.97,6.4,Walmart,0.3078125,15
"Savor Banana Slices, 30 Pound - 1 each.",147.86,480,Walmart,0.308041667,27
"Marketside Fresh Cut Watermelon, 16 oz Tray",4.93,16,Walmart,0.308125,75
"Marketside Pineapple, 16 oz Tray",4.97,16,Walmart,0.310625,54
"Tide PODS Liquid Laundry Detergent Packs, Spring Meadow Scent, 16 Count",4.97,16,Walmart,0.310625,69
"Imperial 39 Percent Vegetable Oil Spread , 45 Ounce -- 6 per case.",84.02,270,Walmart,0.311185185,9
"Marketside Organic Fresh Baby Spinach, 16 oz",4.98,16,Walmart,0.31125,64
"Great Value Honey, 12 oz, Plastic Bear",3.74,12,Walmart,0.311666667,37
"Silk Dairy Free, Blueberry Plant Based, Soy Milk Yogurt Alternative Container, 5.3 oz",1.66,5.3,Walmart,0.313207547,78
"Silk Dairy Free, Peach Mango Plant Based, Soy Milk Yogurt Alternative Container, 5.3 oz",1.66,5.3,Walmart,0.313207547,78
"Silk Dairy Free, Strawberry Plant Based, Soy Milk Yogurt Alternative Container, 5.3 oz",1.66,5.3,Walmart,0.313207547,78
"Silk Dairy Free, Vanilla Plant Based, Soy Milk Yogurt Alternative",1.66,5.3,Walmart,0.313207547,78
"Silk Dairy Free, Vanilla Plant Based, Soy Milk Yogurt Alternative Container, 5.3 oz",1.66,5.3,Walmart,0.313207547,78
"Great Value Canola Oil Cooking Spray, 8 oz",2.52,8,Walmart,0.315,45
"Club Multigrain Crackers, Lunch Snacks, 12.7 oz",4.07,12.7,Walmart,0.320472441,20
"Green Giant Veggie Spirals Zucchini, Gluten Free, 12 oz Bag (Frozen Vegetables)",3.86,12,Walmart,0.321666667,79
"Jell-O Chocolate Instant Pudding Mix & Pie Filling, 5.9 oz. Box",1.92,5.9,Walmart,0.325423729,38
"Club Snack Stacks Original Crackers, Lunch Snacks, 6 Count",4.07,12.5,Walmart,0.3256,20
"80% Lean / 20% Fat Ground Beef Chuck, 5 lb Roll, Fresh, All Natural*",26.43,80,Walmart,0.330375,36
Pork Center Cut Loin Chops Boneless Large,12.26,37,Walmart,0.331351351,55
"Crisco All-Vegetable Shortening Sticks, 20 oz, 3 One-Cup Sticks",6.64,20,Walmart,0.332,62
"Marketside Hearts of Romaine Salad, 10 oz Bag",3.34,10,Walmart,0.334,41
"Great Value Classic Olive Oil, 17 fl oz",5.94,17,Walmart,0.349411765,46
"Tide PODS Ultra OXI Laundry Detergent Pacs, 57 Count",19.94,57,Walmart,0.349824561,69
"73% Lean / 27% Fat Ground Beef, 3 lb Roll, Fresh, All Natural*",16.94,48,Walmart,0.352916667,36
"Fresh Strawberries, 8.8 oz Container",3.12,8.8,Walmart,0.354545455,66
"Marketside Fresh Cut Watermelon Chunks, 10 oz Tray",3.57,10,Walmart,0.357,75
"Great Value: 100% Extra Virgin Olive Oil, 25.5 fl oz",9.12,25.5,Walmart,0.357647059,46
"Garlic Bulb Fresh Whole, Each",0.72,2,Walmart,0.36,31
"Marketside Fresh Baby Spinach, 6 oz Bag (Fresh)",2.18,6,Walmart,0.363333333,64
"Fresh USDA Organic Strawberries, 1 lb Container",5.82,16,Walmart,0.36375,66
Pork Center Cut Loin Chops Thin Boneless Large,12.31,33.6,Walmart,0.366369048,55
"Marketside Fresh Seedless Whole Grapes, 10 oz Tray, Ready-to-Eat",3.67,10,Walmart,0.367,57
"Freshness Guaranteed Diced Fresh Yellow Onions, 8 oz",2.94,8,Walmart,0.3675,49
"Club Minis Original Crackers, Lunch Snacks, 11 oz",4.07,11,Walmart,0.37,20
"Marketside Chopped Romaine Lettuce Mix, 9 oz Bag (Fresh)",3.34,9,Walmart,0.371111111,41
"73% Lean / 27% Fat Ground Beef, 1 lb Roll, Fresh, All Natural*",5.94,16,Walmart,0.37125,36
"Marketside Fresh Cut Pineapple, 10 oz Tray",3.72,10,Walmart,0.372,54
Aunt Sue's Raw Wild Natural Honey 16 oz. Squeeze Bottle,5.97,16,Walmart,0.373125,37
"Great Value, Raw Honey, 16 oz Inverted Plastic Bottle",5.97,16,Walmart,0.373125,37
"Jell-O Vanilla Artificially Flavored Instant Pudding & Pie Filling Mix, Family Size, 5.1 oz. Box",1.92,5.1,Walmart,0.376470588,38
"Fresh Blueberries, 18 oz. Container",6.82,18,Walmart,0.378888889,6
"Great Value Organic Strained Raw Honey, 16 oz",6.22,16,Walmart,0.38875,37
"Marketside Greenhouse Grown Fresh Strawberries, 12 oz Container",4.78,12,Walmart,0.398333333,66
"Great Value Extra Virgin Olive Oil, 17 fl oz",6.8,17,Walmart,0.4,46
"Minced Garlic, 8 oz jar",3.24,8,Walmart,0.405,31
"Fresh Gala Apples, 9-Count Box (4 lb.)",25.99,64,Walmart,0.40609375,30
"Fischer's Honey Bear 12oz, Clover Honey, Raw, Unfiltered, 100% Pure, Bear Squeeze Bottle",4.97,12,Walmart,0.414166667,37
"80% Lean / 20% Fat Ground Beef Chuck, 2.25 lb Tray, Fresh, All Natural*",14.93,36,Walmart,0.414722222,36
"Spice World Minced Garlic, 4.5 oz",1.87,4.5,Walmart,0.415555556,31
"Great Value Chunk Chicken Breast, 12.5 oz, Can, (2 Pack)",5.22,12.5,Walmart,0.4176,10
"Lay's Classic Potato Chips, Party Size, 13 oz Bag",5.44,13,Walmart,0.418461538,40
"Great Value Organic Extra Virgin Olive Oil, 17 fl oz",7.36,17,Walmart,0.432941176,46
"80% Lean / 20% Fat Ground Beef Chuck, 1 lb Tray, Fresh, All Natural*",6.93,16,Walmart,0.433125,36
"Jell-O Vanilla Artificially Flavored Instant Pudding & Pie Filling Mix, 3.4 oz. Box",1.48,3.4,Walmart,0.435294118,38
"HORMEL BLACK LABEL Original Bacon, Gluten Free, Refrigerated, 16 oz Plastic Package",6.97,16,Walmart,0.435625,1
"Lay's Classic Potato Chips, 8 oz, Plastic Bag",3.5,8,Walmart,0.4375,40
"Tide Oxi Boost Power PODS with Stain Remover and Oxi Power Laundry Detergent Pacs, 45 Count",19.94,45,Walmart,0.443111111,69
"Tide Power PODS Laundry Detergent Pacs with Downy Soft Boosters, April Fresh Scent, 45 Count",19.94,45,Walmart,0.443111111,69
"PAM Non-Stick Original Cooking Spray, 10 oz., 2-Count",8.98,20,Walmart,0.449,65
"Fresh Slicing Tomato, Each",1.35,3,Walmart,0.45,70
"Lay's Wavy Potato Chips, Original Flavor, 7.75 oz Bag",3.5,7.75,Walmart,0.451612903,40
Pompeian Smooth Extra Virgin Olive Oil - 16 fl oz,7.38,16,Walmart,0.46125,46
"Lay's Classic Potato Chips Snack Chips, 1 Ounce Bag",0.48,1,Walmart,0.48,40
"Crisco All-Vegetable Shortening Stick, 6.7oz, 1 Stick",3.24,6.7,Walmart,0.48358209,62
"Organic Green Bell Pepper, Each",2.96,6,Walmart,0.493333333,33
"PAM Original Canola Oil Blend Non-Stick Cooking Spray, 8 oz.",3.97,8,Walmart,0.49625,65
"Fresh Slicing Tomato, 2 Pack",2.98,6,Walmart,0.496666667,70
"Nature Nate's Honey: 100% Pure, Raw and Unfiltered Honey - 16 fl oz Gluten-Free Honey",7.97,16,Walmart,0.498125,37
"Bertolli Extra Virgin Olive Oil, Rich Taste, 16.9 fl oz",8.47,16.9,Walmart,0.501183432,46
"Fresh Jumbo Blueberries, 9.8 oz Container",4.92,9.8,Walmart,0.502040816,6
Spice World Fresh & Peeled Garlic 6 oz,3.07,6,Walmart,0.511666667,31
"Great Value Kosher Ground Cinnamon, 2.5 oz",1.32,2.5,Walmart,0.528,19
"Crisco All-Vegetable Shortening, 16 oz",8.45,16,Walmart,0.528125,62
"93% Lean / 7% Fat Lean Ground Beef, 1 lb Tray, Fresh, All Natural*",8.97,16,Walmart,0.560625,36
"Fresh Earth Greens Organic Romaine, 7 oz",3.96,7,Walmart,0.565714286,41
"HORMEL BLACK LABEL Bacon, Premium Applewood, Gluten Free, Refrigerated, 12 oz Plastic Pouch",6.97,12,Walmart,0.580833333,1
"Marketside Organic Baby Spinach Salad, 5 oz Clam Shell, Fresh",2.98,5,Walmart,0.596,64
"Swanson White Premium Chunk Chicken Breast with Rib Meat in Water, 12.5 oz. (Pack of 2)",7.62,12.5,Walmart,0.6096,10
"Great Value Baking Unsweetened Cocoa Powder, 8 oz, Tub",4.92,8,Walmart,0.615,21
Red Star Active Dry Yeast 1 lb. bag,9.89,16,Walmart,0.618125,76
"Hershey's Natural Unsweetened Cocoa Powder, Can 8 oz",4.97,8,Walmart,0.62125,21
"Holiday OREO Joy! Cookies, Limited Edition,1X",11.87,18.71,Walmart,0.634420096,39
"Diced 1/4"" Red Bell Pepper, 5 Lb Bag",51.99,80,Walmart,0.649875,58
"Enjoy Life Allergy Friendly, Dairy Free Dark Chocolate Morsels, Baking Chocolate, 9 oz",5.92,9,Walmart,0.657777778,18
"Nestle Toll House 100% Pure Cocoa, Deep Chocolate Flavor Powder, 8 oz Box",5.28,8,Walmart,0.66,21
"PAM Non-Stick Baking Spray, 5 oz.",3.44,5,Walmart,0.688,65
"Enjoy Life Semi-Sweet Chocolate Mini-Chips, 5 Pound Bag",55.99,80,Walmart,0.699875,18
"Dried Green Bell Peppers by It's Delish, 10 lbs",112,160,Walmart,0.7,33
"PAM Non-Stick Olive Oil Cooking Spray, 7 oz.",4.97,7,Walmart,0.71,65
"Great Value Chunk Chicken Breast, 12.5 oz Can (4 Pack)",8.97,12.5,Walmart,0.7176,10
"Dried Green Bell Peppers by It's Delish, 5 lbs",58.99,80,Walmart,0.737375,33
"Enjoy Life Semi-Sweet Mini Chips, Dairy Free Chocolate Chips, 9 oz",6.68,9,Walmart,0.742222222,18
"HORMEL BLACK LABEL Microwave Bacon, Gluten Free, Refrigerated, 12 oz Cardboard Box",8.97,12,Walmart,0.7475,1
"Great Value Organic Fair Trade Unsweetened Baking Cocoa, 8 oz (227g)  100% Cocoa, Allergen-Free",6.18,8,Walmart,0.7725,21
"Reeses Banana Slices in Milk Chocolate and Reese's Peanut Butter Chips, 8 oz (Frozen)",6.27,8,Walmart,0.78375,27
"PAM Non-Stick Butter Cooking Spray, 5 oz.",3.98,5,Walmart,0.796,65
Quaker Whole Grain Oats Quick 1-Minute Instant Oats 18oz,14.52,18,Walmart,0.806666667,44
"GHIRARDELLI Premium Baking Cocoa 100% Cocoa Dutch Process Unsweetened Cocoa Powder, 8 oz Bag",6.46,8,Walmart,0.8075,21
"GHIRARDELLI Premium Baking Cocoa 100% Unsweetened Cocoa Powder, 8 oz Bag",6.46,8,Walmart,0.8075,21
"Foster's Pickled Red Onions in a Jar,  16oz, 2 Pack, Traditional Vegetables Recipe for over 40 years, Low Calorie Snack Chopped Onion, Gluten Free, Fat and Preservative Free Red Onion",26.95,32,Walmart,0.8421875,48
"PAM Avocado Oil Non-GMO Cooking Spray, 5 oz.",4.26,5,Walmart,0.852,65
Bob's Red Mill Baking Powder No Added Aluminum 14 oz Pack of 1,11.99,14,Walmart,0.856428571,2
"OREO Joy! Red-Colored Creme Chocolate Sandwich Cookies, Limited Edition Holiday Cookies, 18.71 oz (2 Pack)",16.8,18.71,Walmart,0.897915553,39
"McCormick Kosher Ground Cinnamon, 7.12 oz Bottle",6.46,7.12,Walmart,0.907303371,19
"McCormick English Toffee Finishing Sugar, 3.7 oz Bottle",3.47,3.7,Walmart,0.937837838,56
"Lay's Classic Potato Chips Snacks, 2.5 oz Bag",2.38,2.5,Walmart,0.952,40
"Dole Chef-Ready Cuts individually Quick Frozen Zip Bag Sliced Banana, 5 lb - Case of 2",82.1,80,Walmart,1.02625,27
"McCormick Kosher Ground Cinnamon, 2.37 oz Bottle",2.77,2.37,Walmart,1.168776371,19
"Rumford, Non-GMO, Gluten-Free, Double Acting Baking Powder, 8.1 oz",9.5,8.1,Walmart,1.172839506,2
Bobs Red Mill Active Dry Yeast 8 oz Bag,9.99,8,Walmart,1.24875,76
Red BELL Peppers 1 Pound Bulk Bag-Heat Sealed to Maintain Freshness-Crushed & Dried Spice Seasoning,19.99,16,Walmart,1.249375,58
Silk Cultured Soy Vanilla Dairy Free Yogurt Alternative 5.3oz (PACK OF 8),54.23,42.4,Walmart,1.279009434,78
"Daiya Cheddar Cutting Board Cheese Shred, 7.1 Ounce -- 12 per case.",110.86,85.2,Walmart,1.301173709,25
"Red Star Active Dry Yeast, 4 oz (113.4 g) Multi-Use Jar, Baking and Breadmaking Essential",5.38,4,Walmart,1.345,76
Silk Cultured Soy Peach And Mango Yogurt Alternative 5.3oz (PACK OF 8),57.09,42.4,Walmart,1.346462264,78
"Fleischmann's Active Dry Yeast, 4 oz",5.48,4,Walmart,1.37,76
"HORMEL BLACK LABEL Real Chopped Bacon Topping, 30 Calories per Serving, Shelf Stable, 3.5 oz Plastic Pouch",4.83,3.5,Walmart,1.38,1
"Mixed Red, White and Yellow Onion Sets 1 Pound, Non-GMO Bulbs for Planting - Onion Assortment",22.99,16,Walmart,1.436875,49
"Enjoy Life Allergy Friendly, Dairy Free Semi-Sweet Mini Baking Chocolate Chips, 10 oz",14.86,10,Walmart,1.486,18
Enjoy Life Ricemilk Chocolate Baking Morsels 9 oz,13.45,9,Walmart,1.494444444,18
"(6 pack) Great Value Active Dry Yeast, 0.25 oz, 3 Count",6.84,4.5,Walmart,1.52,76
"Dunbars Diced Red Sweet Pepper, 102 Ounce, 6 Per Case",156.5,102,Walmart,1.534313725,58
"Clabber Girl Corn Starch, Gluten-Free, Corn Starch Thickener, Non-GMO, 6.5 oz",9.99,6.5,Walmart,1.536923077,23
"OREO Joy! Red-Colored Creme Chocolate Sandwich Cookies, Limited Edition Holiday Cookies, 18.71 oz (3 Pack)",28.99,18.71,Walmart,1.549438803,39
"Great Value Basil Leaves, 0.8 oz",1.24,0.8,Walmart,1.55,5
"Enjoy Life Mini White Baking Chips - White Chocolate Flavor, 9 oz",13.99,9,Walmart,1.554444444,18
"HORMEL BLACK LABEL Family Pack Fully Cooked Bacon, Gluten Free, Refrigerated, 6.3 oz Plastic Package",9.98,6.3,Walmart,1.584126984,1
"Onion bulbs, Mix, Red, Yellow, White, Onion Sets, (approx. 40 Bulbs), Mixed Onion Bulbs, 8 oz pack",12.99,8,Walmart,1.62375,49
Hormel Black Label Fully Cooked 3OZ,4.98,3,Walmart,1.66,1
"Jell-O Chocolate Instant Pudding Mix & Pie Filling, 3.9 oz. Box",6.53,3.9,Walmart,1.674358974,38
"Organic Marketside Fresh Celery Stalk, Each",2.87,1.6,Walmart,1.79375,15
"OREO Joy! Red-Colored Creme Chocolate Sandwich Cookies, Limited Edition Holiday Cookies, 18.71 oz (4 Pack)",34.2,18.71,Walmart,1.827899519,39
"Simple Kitchen Freeze-Dried Sliced Bananas, 1.6 oz",3.31,1.6,Walmart,2.06875,27
"Freshness Guaranteed Boneless, Skinless Chicken Breasts, 4.7-6.1 lb Tray",11.72,5.5,Walmart,2.130909091,17
"Mott's Cinnamon Applesauce, 3.2 oz, 12 Count Clear Pouches",7.56,3.2,Walmart,2.3625,0
"Fleischmann's Active Dry Yeast, 0g Sodium,3 Count, 1/4oz.",1.88,0.75,Walmart,2.506666667,76
"Great Value Pure Vanilla Extract, 2 fl oz",5.72,2,Walmart,2.86,72
"Great Value Organic Ground Cinnamon, 1.5 oz",4.36,1.5,Walmart,2.906666667,19
"McCormick Kosher Basil Leaves, 0.62 oz Bottle",2.12,0.62,Walmart,3.419354839,5
"McCormick Non-GMO Pure Vanilla Extract, 2.0 fl oz Box",6.97,2,Walmart,3.485,72
"Fresh Basil, 0.5 oz Clamshell",1.78,0.5,Walmart,3.56,5
"Quaker Instant Grits Butter 0.98 oz each, 10 Count",3.52,0.98,Walmart,3.591836735,35
"Great Value Pure Vanilla Extract, 1 fl oz",3.94,1,Walmart,3.94,72
"Great Value Cinnamon Sticks, 0.75 oz",3.22,0.75,Walmart,4.293333333,19
Giuliano Sweet Red Onion Strips 16 oz (Pack of 6),70.99,16,Walmart,4.436875,48
"McCormick Pure Vanilla Extract, 1.0 fl oz Box",4.97,1,Walmart,4.97,72
"Lawry's Casero No Artificial Flavors Basil, 0.62 oz Bottle",3.09,0.62,Walmart,4.983870968,24
"McCormick Non-GMO Kosher Cinnamon Sticks, 0.75 oz Bottle",4.46,0.75,Walmart,5.946666667,19
"Lay's Classic Potato Snack Chips, 1 oz Bags, 10 Count Multipack",5.97,1,Walmart,5.97,40
"Quaker Butter Naturally Flavored Instant Grits, 0.98 oz 22 Count",6.12,0.98,Walmart,6.244897959,35
"NPG Freeze-Dried Red Onion, 2 oz, Chopped & Diced, Dehydrated, Sweet & Crunchy, Non-GMO, No Additives",14.99,2,Walmart,7.495,48
"Great Value Organic Basil Leaves, 0.5 oz",4.36,0.5,Walmart,8.72,5
"Gourmet Garden Gluten Free Lightly Dried Basil, 0.42 oz Cup",3.94,0.42,Walmart,9.380952381,5
Litehouse Basil Freeze Dried Herbs 0.28oz,4.97,0.28,Walmart,17.75,24
